{"duration": 3000.0, "variables": {}, "steps": [{"name": "Wait door openning", "order": "", "eta": 30.0, "arguments": {}, "action": "", "id": "waitDoorOpening"}, {"name": "detect Door Opening", "order": "", "eta": 0.0, "speech": {"title": "I'm waiting for the referee"}, "arguments": {"what": "door"}, "action": "detectOpening", "id": "detectDoorOpening"}, {"name": "Go to jury", "order": "", "eta": 100.0, "speech": {"description": "Say \"Next\" or click on the button", "title": "Please open the door"}, "arguments": {}, "action": "", "id": "gotoJury_title"}, {"name": "gotoJury", "order": "", "eta": 0.0, "speech": {"said": "Did you say your name was {name}?", "title": "Did you say your name was {name}?"}, "arguments": {"location": "jury"}, "action": "goto", "id": "gotoJury_goto"}, {"name": "Wait Inspection", "order": "", "eta": 70.0, "speech": {"said": "Welcome here first guest, come close to me so I can ask you some questions", "title": "Hello \"first guest\", please come here"}, "arguments": {}, "action": "", "id": "waitInspection_title"}, {"name": "Wait click to continu", "order": "", "eta": 0.0, "speech": {"said": "Please do the inspection then click on the button"}, "arguments": {}, "action": "callHuman", "id": "waitInspection_click"}, {"name": "Go to Entrance", "order": "", "eta": 100.0, "speech": {"said": "What's your name?", "title": "What's your name?"}, "arguments": {}, "action": "", "id": "goToEntrance_title"}, {"name": "gotoEntrance", "order": "", "eta": 0.0, "speech": {"said": "Did you say your name was {name}?", "title": "Did you say your name was {name}?"}, "arguments": {"location": "entrance"}, "action": "goto", "id": "gotoJury_goto"}], "name": "Inspection"}