{
  "duration": 300,
  "variables": {
    "john": {
      "drink": "fanta",
      "name": "John"
    }
  },
  "steps": [
    {
      "name": "Find first guest",
      "order": 0,
      "eta": 10,
      "arguments": {},
      "action": "",
      "id": "FindG1"
    },
    {
      "name": "GoTo",
      "order": 1,
      "eta": 0,
      "speech": {
        "said": "I am travelling to the door",
        "title": "I am travelling to the door"
      },
      "arguments": {
        "time": 20,
        "location": {
          "pathOnTablet" : "img/locations/travel.jpg",
          "name": "livingRoom"
        } 
      },
      "action": "goTo",
      "id": "findg1_wait"
    },
    {
      "name": "Wait",
      "order": 2,
      "eta": 0,
      "speech": {
        "said": "I am waiting for the referee",
        "title": "I'm waiting for the referee"
      },
      "arguments": {
        "time": 3
      },
      "action": "wait",
      "id": "findg1_wait"
    },
    {
      "name": "Ask referee to open the door",
      "order": 3,
      "eta": 0,
      "speech": {
        "said": "Hey referee, could you please open the door, and then say Next, or click on the button?",
        "description": "Say Next or click on the button",
        "title": "Please open the door"
      },
      "arguments": {},
      "action": "askOpenDoor",
      "id": "findg1_ask-referee-to-open-the-door"
    },
    {
      "name": "Wait2",
      "order": 4,
      "eta": 0,
      "speech": {
        "said": "I am waiting for the first guest to enter",
        "title": "I'm waiting for the first guest to enter"
      },
      "arguments": {
        "time": 3
      },
      "action": "wait",
      "id": "findg1_wait2"
    },
    {
      "name": "Ask infos about first guest",
      "order": 5,
      "eta": 20,
      "arguments": {},
      "action": "",
      "id": "AskInfoG1"
    },
    {
      "name": "Ask name",
      "order": 6,
      "eta": 0,
      "speech": {
        "said": "What is your name?",
        "title": "What's your name?"
      },
      "arguments": {
        "who": "Guest_1"
      },
      "action": "askName",
      "id": "askinfog1_ask-name"
    },
    {
      "name": "Confirm name",
      "order": 7,
      "eta": 0,
      "speech": {
        "said": "Did you say your name was {name}?",
        "title": "Did you say your name was {name}?"
      },
      "arguments": {
        "what": "{name}",
        "who": "Guest_1"
      },
      "action": "confirm",
      "id": "askinfog1_confirm-name"
    },
    {
      "name": "Ask drink",
      "order": 8,
      "eta": 0,
      "speech": {
        "said": "Ok {name}, what is your favorite drink?",
        "title": "What's your favorite drink?"
      },
      "arguments": {
        "who": "Guest_1"
      },
      "action": "askDrink",
      "id": "askinfog1_ask-drink"
    },
    {
      "name": "Confirm drink",
      "order": 9,
      "eta": 0,
      "speech": {
        "said": "Did you say your favorite drink was {drink}?",
        "title": "Did you say your favorite drink was {drink}?"
      },
      "arguments": {
        "what": "{drinkId}",
        "who": "Guest_1",
        "timeout": 5
      },
      "action": "confirm",
      "id": "askinfog1_confirm-drink"
    },
    {
      "name": "Ask age",
      "order": 10,
      "eta": 0,
      "speech": {
        "said": "By the way, how old are you?",
        "title": "How old are you?"
      },
      "arguments": {
        "who": "Guest_1"
      },
      "action": "askAge",
      "id": "askinfog1_ask-age"
    },
    {
      "name": "Go to living room",
      "order": 11,
      "eta": 50,
      "arguments": {},
      "action": "",
      "id": "GotoLR1"
    },
    {
      "name": "Ask to follow",
      "order": 12,
      "eta": 0,
      "speech": {
        "said": "Great Guest_1_name, now follow me to the living room",
        "title": "Follow me to the living room"
      },
      "arguments": {
        "who": "Guest_1",
        "location": {
          "pathOnTablet" : "img/locations/livingRoom.png",
          "name": "livingRoom"
        }
      },
      "action": "askToFollow",
      "id": "gotolr1_ask-to-follow"
    },
    {
      "name": "Go to living room",
      "order": 13,
      "eta": 0,
      "speech": {
        "said": "I am traveling to the living room",
        "title": "I'm traveling to the living room"
      },
      "arguments": {
        "interestPoint": "GPRS_PEOPLE_LIVINGROOM_It0",
        "location": {
          "pathOnTablet" : "img/locations/livingRoom.png",
          "name": "livingRoom"
        } 
      },
      "action": "goTo",
      "id": "gotolr1_go-to-living-room"
    },
    {
      "name": "Introduce first guest to John",
      "order": 14,
      "eta": 10,
      "arguments": {},
      "action": "",
      "id": "IntroduceG1ToJohn"
    },
    {
      "name": "Point to first guest",
      "order": 15,
      "eta": 0,
      "speech": {
        "said": "I am pointing to the first guest",
        "title": "I am pointing to the first guest"
      },
      "arguments": {
        "what": "human",
        "who": {
          "name": "Guest_1_name",
          "guestPhotoPath": "Guest_1_face_path"}
      },
      "action": "pointTo",
      "id": "introduceg1tojohn_point-to-first-guest"
    },
    {
      "name": "Say name and drink",
      "order": 16,
      "eta": 0,
      "speech": {
        "said": "Hey John_name, here is Guest_1_name, their favorite drink is Guest_1_drink"
      },
      "arguments": {
        "to": [
          {
            "name": "John_name",
            "drink": {
              "name": "John_drink",
              "pathOnTablet": "John_drink_path"
            },
            "guestPhotoPath": "John_face_path"
          }
        ],
        "who": {
          "name": "Guest_1_name",
          "drinkObj": {
            "name": "Guest_1_drink",
            "pathOnTablet": "Guest_1_drink_path"
          },
          "guestPhotoPath": "Guest_1_face_path"
        }
      },
      "action": "presentPerson",
      "id": "introduceg1tojohn_say-name-and-drink"
    },
    {
      "name": "Introduce John to first guest",
      "order": 17,
      "eta": 10,
      "arguments": {},
      "action": "",
      "id": "IntroduceJohnToG1"
    },
    {
      "name": "Point to John",
      "order": 18,
      "eta": 0,
      "speech": {
        "said": "I am pointing to John",
        "title": "I am pointing to John"
      },
      "arguments": {
        "what": "human",
        "who": {
          "name": "John_name",
          "guestPhotoPath": "John_face_path"}
      },
      "action": "pointTo",
      "id": "introducejohntog1_point-to-john"
    },
    {
      "name": "Say name and drink",
      "order": 19,
      "eta": 0,
      "speech": {
        "said": "Hey Guest_1_name, here is John_name, their favorite drink is John_drink"
      },
      "arguments": {
        "to": [
              {
                "name": "Guest_1_name",
                "drink": {
                  "name": "Guest_1_drink",
                  "pathOnTablet": "Guest_1_drink_path"
                },
                "guestPhotoPath": "Guest_1_face_path"
              }
          ],
        "who": {
          "name": "John_name",
          "drinkObj": {
            "name": "John_drink",
            "pathOnTablet": "John_drink_path"
          },
          "guestPhotoPath": "John_face_path"
        }
      },
      "action": "presentPerson",
      "id": "introducejohntog1_say-name-and-drink"
    },
    {
      "name": "Seat first guest",
      "order": 20,
      "eta": 20,
      "arguments": {},
      "action": "",
      "id": "SeatG1"
    },
    {
      "name": "Find empty seat",
      "order": 21,
      "eta": 0,
      "speech": {
        "said": "I am finding an empty chair",
        "title": "I am finding an empty chair"
      },
      "arguments": {
        "what": "chair",
        "pathOnTablet":"img/misc/finding.jpg"
      },
      "action": "find",
      "id": "seatg1_find-empty-seat"
    },
    {
      "name": "Point to empty seat",
      "order": 22,
      "eta": 0,
      "speech": {
        "said": "I am pointing an empty chair",
        "title": "I am pointing an empty chair"
      },
      "arguments": {
        "what": "chair",
        "pathOnTablet": "img/misc/chair.png"
      },
      "action": "pointTo",
      "id": "seatg1_point-to-empty-seat"
    },
    {
      "name": "Tell first guest to seat",
      "order": 23,
      "eta": 0,
      "speech": {
        "said": "Please have a seat Guest_1_name.",
        "title": "Please have a seat Guest_1_name."
      },
      "arguments": {
        "who": {
          "name": "Guest_1_name",
          "guestPhotoPath": "Guest_1_face_path"
        }
      },
      "action": "seatGuest",
      "id": "seatg1_tell-first-guest-to-seat"
    },
    {
      "name": "Go to door",
      "order": 24,
      "eta": 50,
      "arguments": {},
      "action": "",
      "id": "GotoDoor1"
    },
    {
      "name": "Go to door",
      "order": 25,
      "eta": 0,
      "speech": {
        "said": "I am traveling to the entrance",
        "title": "I'm traveling to the entrance"
      },
      "arguments": {
        "interestPoint": "GPRS_PEOPLE_ENTRANCE_It0",
        "location": {
          "pathOnTablet" : "img/locations/livingRoom.png",
          "name": "livingRoom"
        } 
      },
      "action": "goTo",
      "id": "gotodoor1_go-to-door"
    },
    {
      "name": "Find second guest",
      "order": 26,
      "eta": 10,
      "arguments": {},
      "action": "",
      "id": "FindG2"
    },
    {
      "name": "Wait",
      "order": 27,
      "eta": 0,
      "speech": {
        "said": "I am waiting for the referee",
        "title": "I'm waiting for the referee"
      },
      "arguments": {
        "time": 3
      },
      "action": "wait",
      "id": "findg2_wait"
    },
    {
      "name": "Ask referee to open the door",
      "order": 28,
      "eta": 0,
      "speech": {
        "said": "Hey referee, could you please open the door, and then say Next, or click on the button?",
        "description": "Say \"Next\" or click on the button",
        "title": "Please open the door"
      },
      "arguments": {},
      "action": "askOpenDoor",
      "id": "findg2_ask-referee-to-open-the-door"
    },
    {
      "name": "Wait2",
      "order": 29,
      "eta": 0,
      "speech": {
        "said": "I am waiting for the second guest to enter",
        "title": "I'm waiting for the second guest to enter"
      },
      "arguments": {
        "time": 3
      },
      "action": "wait",
      "id": "findg2_wait2"
    },
    {
      "name": "Ask infos about second guest",
      "order": 30,
      "eta": 20,
      "arguments": {},
      "action": "",
      "id": "AskInfoG2"
    },
    {
      "name": "Ask name",
      "order": 31,
      "eta": 0,
      "speech": {
        "said": "What is your name?",
        "title": "What's your name?"
      },
      "arguments": {
        "who": "Guest_2"
      },
      "action": "askName",
      "id": "askinfog2_ask-name"
    },
    {
      "name": "Confirm name",
      "order": 32,
      "eta": 0,
      "speech": {
        "said": "Did you say your name was {name}?",
        "title": "Did you say your name was {name}?"
      },
      "arguments": {
        "what": "{name}",
        "who": "Guest_2"
      },
      "action": "confirm",
      "id": "askinfog2_confirm-name"
    },
    {
      "name": "Ask drink",
      "order": 33,
      "eta": 0,
      "speech": {
        "said": "Ok {name}, what is your favorite drink?",
        "title": "What's your favorite drink?"
      },
      "arguments": {
        "who": "Guest_2"
      },
      "action": "askDrink",
      "id": "askinfog2_ask-drink"
    },
    {
      "name": "Confirm drink",
      "order": 34,
      "eta": 0,
      "speech": {
        "said": "Did you say your favorite drink was {drink}?",
        "title": "Did you say your favorite drink was {drink}?"
      },
      "arguments": {
        "what": "{drinkId}",
        "who": "Guest_2"
      },
      "action": "confirm",
      "id": "askinfog2_confirm-drink"
    },
    {
      "name": "Ask age",
      "order": 35,
      "eta": 0,
      "speech": {
        "said": "By the way, how old are you?",
        "title": "How old are you?"
      },
      "arguments": {
        "who": "Guest_2"
      },
      "action": "askAge",
      "id": "askinfog2_ask-age"
    },
    {
      "name": "Go to living room",
      "order": 36,
      "eta": 50,
      "arguments": {},
      "action": "",
      "id": "GotoLR2"
    },
    {
      "name": "Ask to follow",
      "order": 37,
      "eta": 0,
      "speech": {
        "said": "Great Guest_2_name, now follow me to the living room",
        "title": "Follow me to the living room"
      },
      "arguments": {
        "who": "Guest_2",
        "location": {
          "pathOnTablet" : "img/locations/livingRoom.png",
          "name": "livingRoom"
        } 
      },
      "action": "askToFollow",
      "id": "gotolr2_ask-to-follow"
    },
    {
      "name": "Go to living room",
      "order": 38,
      "eta": 0,
      "speech": {
        "said": "Tchuuuu tchuuu !",
        "title": "I'm traveling to the living room"
      },
      "arguments": {
        "interestPoint": "GPRS_PEOPLE_LIVINGROOM_It0",
        "location": {
          "pathOnTablet" : "img/locations/livingRoom.png",
          "name": "livingRoom"
        } 
      },
      "action": "goTo",
      "id": "gotolr2_go-to-living-room"
    },
    {
      "name": "Introduce second guest to others",
      "order": 39,
      "eta": 10,
      "arguments": {},
      "action": "",
      "id": "IntroduceG2ToOthers"
    },
    {
      "name": "Point to second guest",
      "order": 40,
      "eta": 0,
      "speech": {
        "said": "I am pointing the second guest",
        "title": "I am pointing the second guest"
      },
      "arguments": {
        "what": "human",
        "who": {
          "name": "Guest_2_name",
          "guestPhotoPath": "Guest_2_face_path"
        }
      },
      "action": "pointTo",
      "id": "introduceg2toothers_point-to-second-guest"
    },
    {
      "name": "Say name and drink",
      "order": 41,
      "eta": 0,
      "speech": {
        "said": "Hey Guest_1_name and John_name, here is Guest_2_name, whose favorite drink is Guest_2_drink"
      },
      "arguments": {
        "to": [
          {
            "name": "Guest_1_name",
            "drink": {
              "name": "Guest_1_drink",
              "pathOnTablet": "Guest_1_drink_path"
            },
            "guestPhotoPath": "Guest_1_face_path"
          },
          {
            "name": "John_name",
            "drink": {
              "name": "John_drink",
              "pathOnTablet": "John_drink_path"
            },
            "guestPhotoPath": "John_face_path"
          }
        ],
        "who": {
          "name": "Guest_2_name",
          "drinkObj": {
            "name": "Guest_2_drink",
            "pathOnTablet": "Guest_2_drink_path"
          },
          "guestPhotoPath": "Guest_2_face_path"
        }
      },
      "action": "presentPerson",
      "id": "introduceg2toothers_say-name-and-drink"
    },
    {
      "name": "Introduce John to second guest",
      "order": 42,
      "eta": 10,
      "arguments": {},
      "action": "",
      "id": "IntroduceJohnToG2"
    },
    {
      "name": "Point to John",
      "order": 43,
      "eta": 0,
      "speech": {
        "said": "I am pointing John",
        "title": "I am pointing John"
      },
      "arguments": {
        "what": "human",
        "who": {
          "name": "John_name",
          "guestPhotoPath": "John_face_path"
        }
      },
      "action": "pointTo",
      "id": "introducejohntog2_point-to-john"
    },
    {
      "name": "Say name and drink",
      "order": 44,
      "eta": 0,
      "speech": {
        "said": "Hey Guest_2_name, here is John_name, whose favorite drink is John_drink"
      },
      "arguments": {
        "to": [
          {
            "name": "Guest_2_name",
            "drink": {
              "name": "Guest_2_drink",
              "pathOnTablet": "Guest_2_drink_path"
            },
            "guestPhotoPath": "Guest_2_face_path"
          }
        ],
        "who": {
          "name": "John_name",
          "drinkObj": {
            "name": "John_drink",
            "pathOnTablet": "John_drink_path"
          },
          "guestPhotoPath": "John_face_path"
        }
      },
      "action": "presentPerson",
      "id": "introducejohntog2_say-name-and-drink"
    },
    {
      "name": "Introduce first guest to second guest",
      "order": 45,
      "eta": 10,
      "arguments": {},
      "action": "",
      "id": "IntroduceG1ToG2"
    },
    {
      "name": "Point to first guest",
      "order": 46,
      "eta": 0,
      "speech": {
        "said": "I am pointing first guest",
        "title": "I am pointing first guest"
      },
      "arguments": {
        "what": "human",
        "who": {
          "name": "Guest_1_name",
          "guestPhotoPath": "Guest_1_face_path"
        }
      },
      "action": "pointTo",
      "id": "introduceg1tog2_point-to-first-guest"
    },
    {
      "name": "Say name and drink",
      "order": 47,
      "eta": 0,
      "speech": {
        "said": "Hey Guest_2_name, here is Guest_1_name, whose favorite drink is Guest_1_drink"
      },
      "arguments": {
        "to":[
          {
            "name": "Guest_2_name",
            "drink": {
              "name": "Guest_2_drink",
              "pathOnTablet": "Guest_2_drink_path"
            },
            "guestPhotoPath": "Guest_2_face_path"
          }
        ],
        "who":{
          "name": "Guest_1_name",
          "drinkObj": {
            "name": "Guest_1_drink",
            "pathOnTablet": "Guest_1_drink_path"
          },
          "guestPhotoPath": "Guest_1_face_path"
        }
      },
      "action": "presentPerson",
      "id": "introduceg1tog2_say-name-and-drink"
    },
    {
      "name": "Seat second guest",
      "order": 48,
      "eta": 20,
      "arguments": {},
      "action": "",
      "id": "SeatG2"
    },
    {
      "name": "Find empty seat",
      "order": 49,
      "eta": 0,
      "speech": {
        "said": "I am finding an empty seat",
        "title": "I am finding an empty seat"
      },
      "arguments": {
        "what": "chair",
        "pathOnTablet": "img/misc/finding.jpg"
      },
      "action": "find",
      "id": "seatg2_find-empty-seat"
    },
    {
      "name": "Point to empty seat",
      "order": 50,
      "eta": 0,
      "speech": {
        "said": "I am pointing an empty seat",
        "title": "I am pointing an empty seat"
      },
      "arguments": {
        "what": "chair",
        "pathOnTablet": "img/misc/chair.png"
      },
      "action": "pointTo",
      "id": "seatg2_point-to-empty-seat"
    },
    {
      "name": "Tell first guest to seat",
      "order": 51,
      "eta": 0,
      "speech": {
        "said": "Please have a seat Guest_2_name.",
        "title": "Please have a seat Guest_2_name."
      },
      "arguments": {
        "who": {
          "name": "Guest_2_name",
          "guestPhotoPath": "Guest_2_face_path"
        }
      },
      "action": "seatGuest",
      "id": "seatg2_tell-first-guest-to-seat"
    },
    {
      "name": "Finish Scenario",
      "order": 52,
      "eta": 0,
      "arguments": {},
      "action": "",
      "id": "FinishScenario"
    }
  ],
  "name": "Receptionist"
}
