[{"id": 0.0, "name": "Coke", "pathOnTablet": "img/drinks/coke.png", "": "", "Keys in JSON": ""}, {"id": 1.0, "name": "Pepsi", "pathOnTablet": "img/drinks/pepsi.png", "": "", "Keys in JSON": ""}, {"id": 2.0, "name": "Fanta", "pathOnTablet": "img/drinks/fanta.png", "": "", "Keys in JSON": ""}, {"id": 3.0, "name": "Orangina", "pathOnTablet": "img/drinks/orangina.png", "": "", "Keys in JSON": ""}, {"id": 4.0, "name": "Schwepps", "pathOnTablet": "img/drinks/schwepps.png", "": "", "Keys in JSON": ""}, {"id": 5.0, "name": "Ice Tea", "pathOnTablet": "img/drinks/iceTea.png", "": "", "Keys in JSON": ""}, {"id": 6.0, "name": "Sprite", "pathOnTablet": "img/drinks/sprite.png", "": "", "Keys in JSON": ""}, {"id": 7.0, "name": "7up", "pathOnTablet": "img/drinks/7up.png", "": "", "Keys in JSON": ""}, {"id": 8.0, "name": "Dr Pepper", "pathOnTablet": "img/drinks/drPepper.png", "": "", "Keys in JSON": ""}, {"id": 9.0, "name": "Oasis", "pathOnTablet": "img/drinks/oasis.png", "": "", "Keys in JSON": ""}]