[{"id": "bar", "pathOnTablet": "img/locations/bar.png", "name": "Bar"}, {"id": "livingRoom", "pathOnTablet": "img/locations/livingRoom.png", "name": "Living room"}, {"id": "entrance", "pathOnTablet": "img/locations/entrance.png", "name": "Entrance"}, {"id": "bin1", "pathOnTablet": "img/locations/bin.png", "name": "Bin 1"}, {"id": "bin2", "pathOnTablet": "img/locations/bin2.png", "name": "Bin 2"}, {"id": "collectionZone", "pathOnTablet": "img/locations/collectionZone.png", "name": "Collection Zone"}]